{"great-piquant-bumblebee": {"state_norms": [[0.039168469795918384, 1.2396147499794483], [0.23926716510204082, 1.4986589863988393], [0.0, 0.0], [0.23926716510204082, 1.4986589863988393], [0.1283459901020408, 2.0200629698734893], [0.21346288540816327, 2.3467868349185195], [0.0, 0.0], [0.21346288540816327, 2.3467868349185195]], "action_norms": [[3.876530612244979e-07, 0.005448555495072834], [0.009517119285714287, 0.013262189631281745]], "dims": [8, 2]}, "great-bipedal-bumblebee": {"state_norms": [[0.0685313305102041, 1.2178447738740243], [0.22986784938775512, 1.5058198864771986], [0.0, 0.0], [0.22986784938775512, 1.5058198864771986], [0.12603087755102038, 2.022278889307512], [0.2199355763265306, 2.333028571613249], [0.0, 0.0], [0.2199355763265306, 2.333028571613249]], "action_norms": [[0.011170960510204084, 0.015938299145748232], [-0.019361944489795918, 0.03453927494339877]], "dims": [8, 2]}, "great-impartial-bumblebee": {"state_norms": [[0.049715872653061245, 1.2372384796684954], [0.1740898026530612, 1.5040722824104737], [0.0, 0.0], [0.1740898026530612, 1.5040722824104737], [0.10905856030612249, 2.028565530909404], [0.13771704163265305, 2.343341439024504], [0.0, 0.0], [0.13771704163265305, 2.343341439024504]], "action_norms": [[-0.0034680148979591837, 0.005040129362040679], [-0.009396636326530611, 0.013807629304836595], [0.012037865816326532, 0.01707989825409566]], "dims": [8, 3]}, "great-proficient-bumblebee": {"state_norms": [[0.026390927857142834, 1.238716517803413], [0.24573117744897954, 1.4918534169551165], [0.0, 0.0], [0.24573117744897954, 1.4918534169551165], [0.12628382000000002, 2.022053419121819], [0.20863614265306113, 2.3555347384132372], [0.0, 0.0], [0.20863614265306113, 2.3555347384132372]], "action_norms": [[0.0010182323469387752, 0.007697311753754312], [-0.0031952748979591837, 0.0068384490358308295], [-0.00534365326530612, 0.007850235959210734], [-0.0008515088775510204, 0.006025654906969066]], "dims": [8, 4]}, "lush-piquant-bumblebee": {"state_norms": [[0.014311190204081635, 1.231304479518887], [0.23518777520408166, 1.499364802400967], [0.0, 0.0], [0.23518777520408166, 1.499364802400967], [0.09794999377551024, 2.0231158594695318], [0.22289343193877545, 2.3263581946276792], [0.0, 0.0], [0.22289343193877545, 2.3263581946276792]], "action_norms": [[2.9040816326530435e-07, 0.0054526323416318875], [0.00951715714285714, 0.013152012575779781]], "dims": [8, 2]}, "lush-bipedal-bumblebee": {"state_norms": [[0.02643875887755101, 1.2387165613237183], [0.24565397530612249, 1.49193737525845], [0.0, 0.0], [0.24565397530612249, 1.49193737525845], [0.12616433479591835, 2.0219214221625035], [0.208828725510204, 2.355592645031412], [0.0, 0.0], [0.208828725510204, 2.355592645031412]], "action_norms": [[0.011170841224489799, 0.016060103351088602], [-0.01936171765306122, 0.03466309419435474]], "dims": [8, 2]}, "lush-impartial-bumblebee": {"state_norms": [[0.01850917448979586, 1.2311859648243844], [0.2217668235714286, 1.5196447882956448], [0.0, 0.0], [0.2217668235714286, 1.5196447882956448], [0.08521062285714286, 2.007662910503798], [0.19411948795918368, 2.3746293941753747], [0.0, 0.0], [0.19411948795918368, 2.3746293941753747]], "action_norms": [[-0.003468159489795918, 0.005080079295377003], [-0.009396943775510204, 0.01403501981076527], [0.012038378265306121, 0.01725505834296895]], "dims": [8, 3]}, "lush-proficient-bumblebee": {"state_norms": [[0.016789790714285713, 1.225674277995398], [0.16646019234693885, 1.5023852989807727], [0.0, 0.0], [0.16646019234693885, 1.5023852989807727], [0.07486244561224491, 1.9875009642214228], [0.15912760979591836, 2.3745871144249424], [0.0, 0.0], [0.15912760979591836, 2.3745871144249424]], "action_norms": [[0.0010184212244897957, 0.007572276633914606], [-0.0031950097959183663, 0.006764985738940425], [-0.00534353306122449, 0.007897911588898032], [-0.0008516476530612245, 0.005928960942129794]], "dims": [8, 4]}, "great-devious-beetle": {"state_norms": [[0.007356082346938769, 1.1536546721203698], [0.19359789795918367, 1.4262097752833136], [0.006224312755102053, 1.0577104325804025], [-0.013829985204081643, 1.063493591965521], [0.10169362918367343, 2.0702177729614966], [0.20872724112244895, 2.321861280611826], [-0.05414414765306122, 2.262755081466371], [0.10638802030612243, 2.2371412977544916]], "action_norms": [[-0.0002735492857142857, 0.06341268041847573], [-0.000127788775510204, 0.030657283057509213]], "dims": [8, 2]}, "great-vivacious-beetle": {"state_norms": [[0.03161307214285715, 1.1312052388383766], [0.13473936734693873, 1.412658179973906], [0.007335041836734689, 1.0937078377316645], [0.15534166285714282, 1.0147011016692635], [0.13986943387755102, 2.054316152448852], [0.16003547173469387, 2.3403904442578773], [0.024052580204081665, 2.5358830588707106], [0.02157131775510209, 2.2997921784695126]], "action_norms": [[-0.0009940746938775513, 0.09331145491718457], [0.0001728778571428572, 0.04846419963317631]], "dims": [8, 2]}, "great-mauve-beetle": {"state_norms": [[-0.004602282244897938, 1.1457212671887602], [0.2249250991836735, 1.407182579506192], [-0.11114372459183675, 1.0258993199582773], [0.14256664785714288, 1.0792832805624184], [0.12758154336734692, 2.064677632264839], [0.20938388857142853, 2.3218708764810034], [-0.03613794551020408, 2.279341402194043], [0.1839747463265306, 2.2520105993171438]], "action_norms": [[0.000680969489795918, 0.017820584001052235], [0.0014321434693877557, 0.07385488812213094], [-0.002285660714285714, 0.06490337141049814]], "dims": [8, 3]}, "great-wine-beetle": {"state_norms": [[0.022252561224489795, 1.1423874796486595], [0.16254207285714284, 1.438957994717678], [-0.1362813716326531, 1.0281169191588229], [0.1848322353061224, 1.067820217177298], [0.1353197923469388, 2.0690513735522074], [0.15347249969387758, 2.326626434726212], [0.08881263346938781, 2.272826806012002], [0.05768445336734696, 2.417445088081882]], "action_norms": [[-0.0015700565306122453, 0.036342957306048355], [-0.0003177058163265306, 0.04450081031204097], [0.0014773727551020402, 0.027457688657993754], [0.0012369777551020408, 0.028169134079029875]], "dims": [8, 4]}, "rebel-devious-beetle": {"state_norms": [[-0.007344486530612239, 1.151724881779908], [0.1913145142857143, 1.4338384227921808], [0.07965671244897961, 1.3160187572348145], [0.2691062782653061, 1.4796388988105376], [0.0987551916326531, 2.0721287762304708], [0.21435263265306104, 2.2991394287225506], [0.005559439693877559, 3.2287929797419337], [0.24344001061224496, 3.318269053112911]], "action_norms": [[0.0007474108163265304, 0.10489013503064988], [-0.00035929357142857157, 0.02880970636962692]], "dims": [8, 2]}, "rebel-vivacious-beetle": {"state_norms": [[-0.004477494693877548, 1.1767655447092924], [0.16901990785714285, 1.4532081804308778], [0.04753750479591837, 1.34917485350373], [0.10376810183673474, 1.4719713255808766], [0.13226472448979593, 2.0586224069729497], [0.14561020653061219, 2.344163818744846], [0.17992149540816318, 3.236639985004011], [0.07548351734693881, 3.28934062551262]], "action_norms": [[0.0003850841836734693, 0.16289571253273835], [-0.000292012857142857, 0.0696263093889908]], "dims": [8, 2]}, "rebel-mauve-beetle": {"state_norms": [[0.011661320306122458, 1.1895381936924028], [0.15588777091836742, 1.4421405413016843], [0.034500026938775505, 1.3485837889610055], [0.11111777948979594, 1.4723397512171401], [0.12372997275510204, 2.064538271412121], [0.14556317642857136, 2.3422915785815137], [0.06554722540816316, 3.1210268076085894], [0.09354490714285715, 3.245392958603731]], "action_norms": [[-0.00015345551020408158, 0.03523381318733847], [-0.00021655214285714285, 0.11759762361971876], [0.0004950047959183681, 0.12521703623351246]], "dims": [8, 3]},