{"great-piquant-bumblebee": {"state_norms": [[0.038701903877551014, 1.2354625487107114], [0.22336960520408167, 1.516173746228307], [0.0, 0.0], [0.22336960520408167, 1.516173746228307], [0.14280792183673469, 1.998644930728924], [0.2048700652040816, 2.36149113935402], [0.0, 0.0], [0.2048700652040816, 2.36149113935402], [0.038701903877551014, 1.2354625487107114], [0.22336960520408167, 1.516173746228307]], "action_norms": [[4.3530612244898777e-07, 0.005393627136940902], [0.0095170606122449, 0.013340036548920324]], "dims": [10, 2]}, "great-bipedal-bumblebee": {"state_norms": [[0.02083153173469391, 1.230383915784562], [0.18414263938775513, 1.5200984581481651], [0.0, 0.0], [0.18414263938775513, 1.5200984581481651], [0.07923410826530611, 1.996894815577105], [0.16958325989795914, 2.381334804388246], [0.0, 0.0], [0.16958325989795914, 2.381334804388246], [0.02083153173469391, 1.230383915784562], [0.18414263938775513, 1.5200984581481651]], "action_norms": [[0.011170673775510205, 0.016174692114068325], [-0.019361863061224498, 0.03460143728024601]], "dims": [10, 2]}, "great-impartial-bumblebee": {"state_norms": [[0.011667626734693924, 1.2229728265126265], [0.19643738377551023, 1.5231415212509094], [0.0, 0.0], [0.19643738377551023, 1.5231415212509094], [0.07861042785714283, 1.995521084104629], [0.20023813255102035, 2.367747744455384], [0.0, 0.0], [0.20023813255102035, 2.367747744455384], [0.011667626734693924, 1.2229728265126265], [0.19643738377551023, 1.5231415212509094]], "action_norms": [[-0.0034681982653061217, 0.005050860990674704], [-0.009396979591836734, 0.014026313946548267], [0.012038475102040813, 0.01717051775505104]], "dims": [10, 3]}, "great-proficient-bumblebee": {"state_norms": [[0.056376023775510195, 1.2312298443394456], [0.1651744756122449, 1.498586714872499], [0.0, 0.0], [0.1651744756122449, 1.498586714872499], [0.0981277913265306, 2.023323200607742], [0.1505853787755102, 2.365184516910488], [0.0, 0.0], [0.1505853787755102, 2.365184516910488], [0.056376023775510195, 1.2312298443394456], [0.1651744756122449, 1.498586714872499]], "action_norms": [[0.0010183183673469387, 0.0076953846457729035], [-0.003195056530612245, 0.006847457526827183], [-0.005343473979591838, 0.007863212092106213], [-0.000851573673469388, 0.006024143002415515]], "dims": [10, 4]}, "lush-piquant-bumblebee": {"state_norms": [[0.023027507755102046, 1.238409919193036], [0.21397370571428578, 1.5178334591301208], [0.0, 0.0], [0.21397370571428578, 1.5178334591301208], [0.1154449247959183, 2.0280928282169874], [0.21475039346938773, 2.3446737850489194], [0.0, 0.0], [0.21475039346938773, 2.3446737850489194], [0.023027507755102046, 1.238409919193036], [0.21397370571428578, 1.5178334591301208]], "action_norms": [[3.4724489795918335e-07, 0.0054684910940632925], [0.009517106938775508, 0.013250435954676069]], "dims": [10, 2]}, "lush-bipedal-bumblebee": {"state_norms": [[0.007013147653061236, 1.2191008616370465], [0.18728619653061218, 1.5192653008813242], [0.0, 0.0], [0.18728619653061218, 1.5192653008813242], [0.08116168438775505, 2.000616037097842], [0.15333862091836725, 2.3684451782038614], [0.0, 0.0], [0.15333862091836725, 2.3684451782038614], [0.007013147653061236, 1.2191008616370465], [0.18728619653061218, 1.5192653008813242]], "action_norms": [[0.01117051081632653, 0.016138217678449685], [-0.019361549387755105, 0.03472579812651216]], "dims": [10, 2]}, "lush-impartial-bumblebee": {"state_norms": [[0.04078793204081627, 1.2376286732842545], [0.18631151846938773, 1.5142130198077077], [0.0, 0.0], [0.18631151846938773, 1.5142130198077077], [0.13508667704081637, 2.011362667492855], [0.1394590667346938, 2.346439140547961], [0.0, 0.0], [0.1394590667346938, 2.346439140547961], [0.04078793204081627, 1.2376286732842545], [0.18631151846938773, 1.5142130198077077]], "action_norms": [[-0.003467977653061224, 0.005000276491499184], [-0.009396701938775507, 0.013915472529512926], [0.012037794489795918, 0.016987335489699443]], "dims": [10, 3]}, "lush-proficient-bumblebee": {"state_norms": [[0.04875516918367344, 1.2350245889023297], [0.18498230387755107, 1.5179112822447762], [0.0, 0.0], [0.18498230387755107, 1.5179112822447762], [0.1335198907142857, 2.0135961614079068], [0.15307482193877553, 2.3681569115774246], [0.0, 0.0], [0.15307482193877553, 2.3681569115774246], [0.04875516918367344, 1.2350245889023297], [0.18498230387755107, 1.5179112822447762]], "action_norms": [[0.0010181548979591832, 0.007634711676918787], [-0.003195170102040817, 0.006914729220748227], [-0.005343421122448981, 0.007810530672993886], [-0.0008514391836734694, 0.005975055035095813]], "dims": [10, 4]}, "great-devious-beetle": {"state_norms": [[0.04259431438775513, 1.1176985567261688], [0.16476116408163272, 1.4321889473904423], [0.0098586993877551, 1.0555217229284255], [-0.0010856310204081891, 1.0657276894910168], [0.1178910174489796, 2.0747046020257183], [0.14519997612244898, 2.3212060122662304], [-0.0575823958163265, 2.273702765641307], [0.07086948765306124, 2.257279851392782], [0.04259431438775513, 1.1176985567261688], [0.16476116408163272, 1.4321889473904423]], "action_norms": [[-8.910612244897773e-06, 0.06166924264568866], [7.086938775510205e-05, 0.03012306387726788]], "dims": [10, 2]}, "great-vivacious-beetle": {"state_norms": [[0.0036326763265306537, 1.1413613935743308], [0.21388984265306119, 1.406578218775507], [-0.0031335296938775625, 1.1005901234670419], [0.1975018475510204, 0.9998422745100005], [0.12760512010204086, 2.067824923903791], [0.20906341010204083, 2.321536567211958], [0.03502998224489796, 2.5197929223637137], [0.02120701510204083, 2.3043914495827136], [0.0036326763265306537, 1.1413613935743308], [0.21388984265306119, 1.406578218775507]], "action_norms": [[-0.00124096255102041, 0.09356808170178091], [-1.7793877551018557e-06, 0.04857996778439819]], "dims": [10, 2]}, "great-mauve-beetle": {"state_norms": [[0.023913105816326552, 1.138275829180104], [0.1459153033673469, 1.412401471273317], [-0.1290870226530612, 1.029399666237868], [0.08808755948979592, 1.0797747167482266], [0.09963032867346937, 2.067695931828091], [0.15137562367346935, 2.3299313691642216], [-0.06915186653061223, 2.297256989328684], [0.17564818000000004, 2.2571108104716875], [0.023913105816326552, 1.138275829180104], [0.1459153033673469, 1.412401471273317]], "action_norms": [[0.0007711618367346939, 0.017740813556861454], [0.0013089321428571433, 0.07314325934745435], [-0.0025292281632653063, 0.0645232708022714]], "dims": [10, 3]}, "great-wine-beetle": {"state_norms": [[0.0222525612244898, 1.1423874796486595], [0.16254207285714287, 1.4389579947176776], [-0.13628137163265314, 1.0281169191588229], [0.18483223530612247, 1.0678202171772977], [0.13531979234693878, 2.069051373552207], [0.15347249969387755, 2.326626434726212], [0.08881263346938778, 2.272826806012002], [0.05768445336734696, 2.417445088081882], [0.0222525612244898, 1.1423874796486595], [0.16254207285714287, 1.4389579947176776]], "action_norms": [[-0.001570056530612245, 0.03634295730604835], [-0.00031770581632653073, 0.044500810312040964], [0.0014773727551020406, 0.027457688657993754], [0.0012369777551020408, 0.02816913407902988]], "dims": [10, 4]}, "rebel-devious-beetle": {"state_norms": [[0.029523933877550992, 1.157358092300625], [0.14645767908163265, 1.4449496920115612], [0.09559796806122445, 1.3122816825515096], [0.2126002060204081, 1.4911669884939267], [0.09999878938775521, 2.0776812971451917], [0.1326682717346938, 2.3187081642266705], [-0.0047644294897959795, 3.282197209848222], [0.1795730386734694, 3.3690347292540266], [0.029523933877550992, 1.157358092300625], [0.14645767908163265, 1.4449496920115612]], "action_norms": [[0.0011953875510204086, 0.10516323727459354], [-0.0001886619387755103, 0.02917277540389712]], "dims": [10, 2]},