{"great-piquant-bumblebee": {"path": "great-piquant-bumblebee-v1.ckpt", "dim": [10, 2], "state_norms": [[0.051861251315789475, 1.1852989894117676], [0.14379083105263157, 1.6968850026699063], [0.0, 0.0], [0.14379083105263157, 1.6968850026699063], [-0.19191343894736845, 1.9547211932975175], [0.3286039744736843, 2.426225289627507], [0.0, 0.0], [0.3286039744736843, 2.426225289627507], [0.051861251315789475, 1.1852989894117676], [0.14379083105263157, 1.6968850026699063]], "action_norms": [[-0.000652075789473675, 5.286869683783131], [9.517908377894738, 13.77986029507719]]}, "great-bipedal-bumblebee": {"path": "great-bipedal-bumblebee-v1.ckpt", "dim": [10, 2], "state_norms": [[0.039949647894736824, 1.1923535659901694], [0.15929532342105268, 1.7164403405903355], [0.0, 0.0], [0.15929532342105268, 1.7164403405903355], [-0.21807315447368422, 1.939271184480409], [0.34913624578947366, 2.465686061152587], [0.0, 0.0], [0.34913624578947366, 2.465686061152587], [0.039949647894736824, 1.1923535659901694], [0.15929532342105268, 1.7164403405903355]], "action_norms": [[11.172860233684212, 16.93395920497074], [-19.36833690236842, 35.73983900296348]]}, "great-impartial-bumblebee": {"path": "great-impartial-bumblebee-v1.ckpt", "dim": [10, 3], "state_norms": [[-0.029418598684210547, 1.2036049547548648], [0.13272338157894742, 1.6901522680298413], [0.0, 0.0], [0.13272338157894742, 1.6901522680298413], [-0.19921437394736843, 1.9521361397975503], [0.33737646236842106, 2.4442116278363004], [0.0, 0.0], [0.33737646236842106, 2.4442116278363004], [-0.029418598684210547, 1.2036049547548648], [0.13272338157894742, 1.6901522680298413]], "action_norms": [[-3.4688129244736845, 5.285361529836572], [-9.397241511842106, 14.335409643719343], [12.040356838947368, 17.954285043717142]]}, "great-proficient-bumblebee": {"path": "great-proficient-bumblebee-v1.ckpt", "dim": [10, 4], "state_norms": [[-0.027396760263157863, 1.2017506227332866], [0.32668219815789473, 1.6695419295445073], [0.0, 0.0], [0.32668219815789473, 1.6695419295445073], [-0.14924819236842116, 1.9433571159049647], [0.5241808823684211, 2.4624107078751987], [0.0, 0.0], [0.5241808823684211, 2.4624107078751987], [-0.027396760263157863, 1.2017506227332866], [0.32668219815789473, 1.6695419295445073]], "action_norms": [[1.0197084831578946, 7.464272903583852], [-3.195175371315789, 6.817602125044324], [-5.345297942631579, 8.336222658784676], [-0.8526663957894737, 5.847936121264364]]}, "lush-piquant-bumblebee": {"path": "lush-piquant-bumblebee-v1.ckpt", "dim": [10, 2], "state_norms": [[-0.05915644394736844, 1.1800639061567924], [0.3111148263157895, 1.672416233019376], [0.0, 0.0], [0.3111148263157895, 1.672416233019376], [-0.2206006565789474, 1.9366661658465383], [0.5683442863157895, 2.3648165737504168], [0.0, 0.0], [0.5683442863157895, 2.3648165737504168], [-0.05915644394736844, 1.1800639061567924], [0.3111148263157895, 1.672416233019376]], "action_norms": [[-0.0007393013157894791, 5.2471878345402665], [9.51948933026316, 13.688901411844357]]}, "lush-bipedal-bumblebee": {"path": "lush-bipedal-bumblebee-v1.ckpt", "dim": [10, 2], "state_norms": [[-0.027395605526315835, 1.2017506967408789], [0.32655543315789476, 1.6696584382280348], [0.0, 0.0], [0.32655543315789476, 1.6696584382280348], [-0.149251847631579, 1.9432030839612189], [0.5244975186842105, 2.462449654613234], [0.0, 0.0], [0.5244975186842105, 2.462449654613234], [-0.027395605526315835, 1.2017506967408789], [0.32655543315789476, 1.6696584382280348]], "action_norms": [[11.17403880394737, 17.096582084260756], [-19.36974371868421, 35.921714945003416]]}, "lush-impartial-bumblebee": {"path": "lush-impartial-bumblebee-v1.ckpt", "dim": [10, 3], "state_norms": [[-0.052279786578947385, 1.1654422742161168], [0.12231883500000001, 1.6958620288393726], [0.0, 0.0], [0.12231883500000001, 1.6958620288393726], [-0.2815567197368421, 1.8266178367019708], [0.3963209571052631, 2.5231396336077405], [0.0, 0.0], [0.3963209571052631, 2.5231396336077405], [-0.052279786578947385, 1.1654422742161168], [0.12231883500000001, 1.6958620288393726]], "action_norms": [[-3.469025661052631, 5.476241656250347], [-9.397410254473685, 14.620906259622478], [12.041018199736842, 18.629933094757078]]}, "lush-proficient-bumblebee": {"path": "lush-proficient-bumblebee-v1.ckpt", "dim": [10, 4], "state_norms": [[-0.05227978657894734, 1.165442274216117], [0.12231883499999995, 1.6958620288393726], [0.0, 0.0], [0.12231883499999995, 1.6958620288393726], [-0.28155671973684226, 1.826617836701971], [0.3963209571052632, 2.52313963360774], [0.0, 0.0], [0.3963209571052632, 2.52313963360774], [-0.05227978657894734, 1.165442274216117], [0.12231883499999995, 1.6958620288393726]], "action_norms": [[1.0201998139473685, 7.126532893809035], [-3.194479973421053, 6.625793714108478], [-5.344991871578948, 8.451496909506082], [-0.853044864736842, 5.587023203207397]]}, "great-devious-beetle": {"path": "great-devious-beetle-v1.ckpt", "dim": [10, 2], "state_norms": [[0.0209584947368421, 1.1071869238381402], [0.06398166342105266, 1.5956531919514065], [-0.028028150000000022, 1.0138702571274922], [-0.15150237342105263, 1.0946819388745883], [-0.21539604078947364, 2.041910201431655], [0.37245019342105273, 2.422948149480137], [-0.29984607394736845, 2.3222783523302404], [0.0874970492105263, 2.3299146407083193], [0.0209584947368421, 1.1071869238381402], [0.06398166342105266, 1.5956531919514065]], "action_norms": [[-0.47281273763157905, 64.37417336544077], [-0.014518057368421045, 31.03765144859733]]}, "great-vivacious-beetle": {"path": "great-vivacious-beetle-v1.ckpt", "dim": [10, 2], "state_norms": [[-0.002176379473684216, 1.098283800403549], [0.28103103710526317, 1.5876879047738537], [-0.08791008315789475, 1.0915668501631894], [0.09133816552631577, 1.0209852872354006], [-0.09881175394736846, 2.002946458532466], [0.4730933481578947, 2.433554458502776], [-0.2569055247368421, 2.6805430537964994], [0.23631836105263151, 2.30583457063229], [-0.002176379473684216, 1.098283800403549], [0.28103103710526317, 1.5876879047738537]], "action_norms": [[-2.4804209739473695, 96.63965635785644], [-0.27562874473684207, 49.56266051837868]]}, "great-mauve-beetle": {"path": "great-mauve-beetle-v1.ckpt", "dim": [10, 3], "state_norms": [[-0.05695874526315792, 1.1317260116046324], [0.302185462631579, 1.5884958053272171], [-0.30744433052631576, 1.0355044517228706], [0.06652696473684211, 1.0386446305753505], [-0.14389571210526314, 2.0356265596114036], [0.5239741552631578, 2.3891695172992904], [-0.389788307368421, 2.1613011689937527], [0.29309049210526317, 1.975070321691882], [-0.05695874526315792, 1.1317260116046324], [0.302185462631579, 1.5884958053272171]], "action_norms": [[1.670632741315789, 18.651157357158112], [3.0712794181578955, 76.87498384635656], [-5.523797806578948, 68.05760184561176]]}, "great-wine-beetle": {"path": "great-wine-beetle-v1.ckpt", "dim": [10, 4], "state_norms": [[0.018127749210526282, 1.1135602287299429], [0.10601657368421051, 1.6222767962893585], [-0.08050481815789476, 1.0216762955021148], [0.04047138736842104, 1.094558621094789], [-0.1854759639473684, 2.070314310066186], [0.32757927421052624, 2.3356247887185138], [-0.0938642155263158, 2.474988649882047], [0.0002243321052631947, 2.5059852108425336], [0.018127749210526282, 1.1135602287299429], [0.10601657368421051, 1.6222767962893585]], "action_norms": [[-0.717849345, 34.95824764097271], [0.08775077105263124, 43.841710364868696], [0.9759100681578944, 27.777583353037876], [0.568936492631579, 27.085931817263585]]}, "rebel-devious-beetle": {"path": "rebel-devious-beetle-v1.ckpt", "dim": [10, 2],